0	calico	calico_vxlan	canal	cilium	flannel	kuberouter	weavenet
1	1027	1029	842	891	888	352	875
2	1010	1028	828	849	883	348	916
3	1020	1027	832	820	884	350	860
4	984	1037	825	846	887	348	832
5	1013	1029	820	754	913	350	866
6	1015	1025	815	856	885	357	886
7	1020	1018	819	809	896	348	907
8	970	1037	815	786	886	347	850
9	1012	1031	822	892	877	345	863
10	992	1027	842	918	852	345	833
11	998	1030	838	779	889	360	828
12	1015	1022	828	848	884	345	763
13	1011	1017	828	840	849	346	811
14	1013	1018	827	762	865	348	889
15	1022	941	841	878	886	348	767
16	1027	1029	838	809	889	347	744
17	1014	999	813	577	891	348	674
18	891	1045	841	841	908	346	875
19	1011	1025	816	775	883	351	864
20	1022	1023	820	841	890	350	816
21	Mbits/sec	Mbits/sec	Mbits/sec	Mbits/sec	Mbits/sec	Mbits/sec	Mbits/sec
22	909	999	831	797	868	344	821
23	903	995	824	793	870	345	818
24	902	992	828	795	869	344	821
25	902	993	823	797	868	344	823
26	904	995	825	786	869	345	821
27	901	995	825	786	869	344	816
28	903	1001	826	801	872	344	824
29	904	1007	827	797	869	344	822
30	908	1016	827	839	870	349	818
31	901	991	827	849	868	350	822
32	905	1023	823	797	865	340	820
33	907	1010	824	797	864	347	822
34	906	999	826	786	868	351	822
35	907	993	821	801	870	344	820
36	902	998	828	828	870	345	819
37	902	999	824	786	874	348	821
38	902	990	825	726	868	347	822
39	899	998	820	797	867	348	823
40	901	996	822	786	867	344	820
41	904	994	823	797	867	342	819
42	Mbits/sec	Mbits/sec	Mbits/sec	Mbits/sec	Mbits/sec	Mbits/sec	Mbits/sec
43	984	1003	791	776	860	337	819
44	988	1006	792	781	862	341	821
45	988	1002	796	779	863	337	819
46	988	1008	792	776	861	339	817
47	988	1005	794	777	859	334	821
48	986	1004	795	786	857	340	822
49	989	998	793	781	858	341	818
50	986	1009	792	776	860	342	820
51	982	1003	791	776	858	340	823
52	990	1005	789	776	861	337	820
53	988	1004	798	776	864	343	819
54	982	998	795	786	862	340	818
55	984	1001	792	786	862	338	819
56	985	1006	797	786	861	339	819
57	989	1008	791	776	861	339	820
58	989	1002	793	786	861	339	819
59	992	1008	794	753	862	338	815
	989	1003	795	776	862	338	818
	990	1002	795	776	861	337	818
	985	1006	796	776	861	341	819
	Mbits/sec	Mbits/sec	Mbits/sec	Mbits/sec	Mbits/sec	Mbits/sec	Mbits/sec
	989	1013	827	808	874	342	802
	990	1010	823	805	870	341	802
	987	1017	821	803	871	342	803
	989	1013	823	808	873	348	801
	983	1014	821	802	872	347	802
	989	1011	821	797	876	337	801
	987	1016	825	805	878	343	798
	987	1011	822	797	875	345	802
	988	1020	828	808	873	341	799
	985	1017	828	808	876	345	802
	983	1018	823	808	871	340	803
	990	1020	825	797	876	342	803
	990	1019	824	797	870	342	803
	985	1011	822	797	874	347	801
	984	1014	826	808	871	345	804
	985	1014	822	797	873	342	803
	986	1013	822	796	871	342	804
	987	1019	828	808	872	345	801
	984	1017	821	797	871	287	802
	985	1015	822	808	871	342	801
	Mbits/sec	Mbits/sec	Mbits/sec	Mbits/sec	Mbits/sec	Mbits/sec	Mbits/sec
	978	1017	811	776	857	344	819
	976	1016	813	779	859	345	816
	978	1015	812	781	856	343	820
	978	1013	816	776	859	338	820
	982	1014	815	786	861	337	818
	980	1019	816	786	857	340	818
	978	1018	811	782	853	339	822
	978	1013	814	786	860	337	819
	977	1012	808	776	861	340	822
	977	1016	814	776	857	339	817
	983	1015	811	776	859	333	819
	978	1014	812	786	857	338	818
	978	1012	816	786	860	342	817
	978	1018	816	786	860	338	820
	977	1014	808	776	860	340	819
	977	1012	815	786	855	339	817
	977	1018	813	782	861	339	819
	979	1016	809	786	857	341	822
	978	1011	813	786	859	337	819
	978	1013	813	776	860	340	821
	Mbits/sec	Mbits/sec	Mbits/sec	Mbits/sec	Mbits/sec	Mbits/sec	Mbits/sec
	1007	1006	823	807	868	349	822
	981	1007	828	802	871	351	827
	967	1006	825	798	870	347	824
	977	1007	824	807	869	350	824
	971	1009	825	798	868	347	825
	967	1006	827	797	870	344	826
	978	1002	830	800	871	348	820
	968	1014	827	797	865	349	824
	972	1007	831	807	868	347	824
	972	1006	824	797	869	345	826
	966	1003	825	797	868	349	824
	970	1008	827	797	869	351	824
	970	1010	828	797	866	347	824
	966	1006	827	797	868	346	822
	998	1005	828	807	866	347	822
	998	1009	828	797	871	347	825
	968	1003	829	801	870	350	823
	967	1008	829	797	874	343	824
	969	1011	829	797	867	348	826
	1011	1010	827	797	870	344	825
	Mbits/sec	Mbits/sec	Mbits/sec	Mbits/sec	Mbits/sec	Mbits/sec	Mbits/sec
	986	1010	877	786	844	343	827
	991	1008	875	789	844	350	824
	993	1007	876	791	843	347	824
	985	1009	876	786	845	346	824
	991	1006	872	792	843	349	824
	990	1011	875	786	843	344	823
	991	1010	874	789	843	348	823
	986	1006	877	797	845	348	823
	991	1014	870	786	844	347	824
	988	1007	874	797	844	349	823
	991	1013	876	797	848	349	825
	989	1011	873	786	844	345	825
	992	1003	870	797	845	348	826
	992	1006	872	786	840	351	826
	984	1011	874	786	844	347	826
	994	1010	871	786	845	345	824
	988	1011	872	792	844	349	826
	987	1003	877	786	838	348	824
	985	1008	877	796	848	345	824
	986	1006	875	797	842	348	823
	Mbits/sec	Mbits/sec	Mbits/sec	Mbits/sec	Mbits/sec	Mbits/sec	Mbits/sec
	986	1009	931	797	862	332	818
	989	1011	928	795	859	324	820
	985	1015	928	796	862	326	820
	991	1014	931	797	860	332	820
	991	1010	931	791	861	327	817
	990	1008	931	797	864	326	822
	991	1014	936	794	863	328	826
	990	1012	933	787	860	325	819
	987	1003	935	787	863	327	816
	988	1011	928	787	862	326	821
	988	1011	929	797	860	324	820
	988	1004	926	797	860	327	818
	990	1014	930	787	861	326	817
	988	1017	928	797	865	328	818
	988	1009	932	797	865	329	819
	984	1009	928	797	859	331	820
	994	1011	929	795	858	323	817
	988	1020	926	797	867	327	820
	989	1011	929	786	858	329	818
	988	1013	930	797	864	326	819
	Mbits/sec	Mbits/sec	Mbits/sec	Mbits/sec	Mbits/sec	Mbits/sec	Mbits/sec
	981	1012	902	797	871	348	832
	975	1012	904	796	871	351	833
	980	1010	902	798	871	353	831
	983	1009	903	797	873	349	832
	980	1014	903	801	876	348	834
	978	1015	900	797	873	346	834
	977	1014	899	800	874	347	833
	978	1007	899	807	877	348	834
	978	1015	899	807	871	345	837
	979	1011	903	807	871	350	832
	979	1013	904	797	872	350	833
	978	1014	903	797	870	349	835
	979	1015	905	797	871	350	836
	978	1009	903	797	870	348	836
	983	1015	901	797	870	346	832
	981	1013	904	797	870	348	833
	975	1013	902	797	877	348	832
	980	1013	904	797	868	349	830
	982	1010	901	797	877	350	832
	979	1013	899	797	867	349	833
	Mbits/sec	Mbits/sec	Mbits/sec	Mbits/sec	Mbits/sec	Mbits/sec	Mbits/sec
	989	1012	858	786	875	349	819
	991	1010	855	790	874	350	815
	992	1012	855	790	875	346	818
	988	1008	855	786	871	348	820
	993	1007	858	788	872	350	816
	998	1007	857	786	871	353	816
	993	1006	860	787	869	347	819
	992	1009	859	786	870	345	819
	993	1011	858	786	871	347	815
	991	1009	860	786	873	349	817
	992	1009	854	786	873	348	817
	992	1013	859	786	875	344	817
	994	1009	856	797	876	347	817
	997	1010	860	786	876	345	820
	993	1008	860	786	876	354	819
	988	1008	858	797	877	348	817
	995	1005	858	788	874	352	821
	994	1003	858	786	880	352	819
	992	1012	856	797	870	348	822
	987	1006	858	786	879	350	816
	Mbits/sec	Mbits/sec	Mbits/sec	Mbits/sec	Mbits/sec	Mbits/sec	Mbits/sec
	996	995	839	786	860	347	819
	993	994	840	791	865	344	823
	988	996	845	788	862	350	821
	993	998	843	786	866	344	819
	989	1001	843	788	861	344	823
	988	999	840	797	862	337	823
	994	994	840	792	864	347	815
	992	997	836	786	862	347	819
	989	994	841	786	862	344	820
	993	999	838	786	865	344	821
	994	992	839	786	863	342	822
	994	994	843	797	862	349	821
	987	997	839	786	862	342	820
	987	999	840	797	863	347	819
	993	995	838	786	860	347	820
	991	1002	841	786	863	341	822
	990	1001	839	790	861	342	821
	990	995	836	797	861	343	823
	990	997	844	786	864	346	820
	995	998	841	786	862	344	823
	Mbits/sec	Mbits/sec	Mbits/sec	Mbits/sec	Mbits/sec	Mbits/sec	Mbits/sec
	973	1008	848	797	888	349	813
	973	1008	850	796	883	354	811
	980	1004	848	797	888	350	813
	976	1008	846	797	885	354	813
	971	1004	848	800	884	353	813
	976	1006	852	797	887	351	809
	970	1010	850	798	883	352	819
	974	1011	855	797	889	351	814
	976	1010	849	807	887	352	814
	973	1010	851	797	883	347	815
	971	1010	857	797	885	349	811
	976	1011	847	797	889	352	814
	973	1005	848	797	883	352	814
	974	1003	847	797	884	347	813
	973	1012	849	797	886	347	811
	981	1005	851	797	881	351	811
	974	1009	851	801	884	352	812
	976	1010	854	797	880	353	811
	976	1006	847	797	883	347	811
	976	1009	853	797	884	350	810
	Mbits/sec	Mbits/sec	Mbits/sec	Mbits/sec	Mbits/sec	Mbits/sec	Mbits/sec
	982	995	863	818	880	353	818
	981	1000	861	814	881	348	820
	982	1003	859	755	880	354	818
	981	997	864	776	883	347	818
	984	1002	860	814	887	350	818
	982	997	861	807	884	350	822
	989	996	861	814	885	352	811
	984	997	858	818	879	350	817
	988	993	863	807	881	352	820
	984	994	857	818	885	352	816
	988	1001	856	734	884	349	819
	982	994	859	766	882	349	816
	986	999	864	818	885	355	815
	983	996	860	807	880	353	818
	986	995	859	650	881	356	819
	982	997	860	818	885	354	820
	986	992	861	816	883	355	819
	982	996	861	807	887	353	821
	982	999	865	818	886	355	818
	983	997	860	787	884	353	819
	Mbits/sec	Mbits/sec	Mbits/sec	Mbits/sec	Mbits/sec	Mbits/sec	Mbits/sec
	979	1004	857	797	880	347	817
	982	1001	858	795	879	352	814
	978	996	860	797	882	347	816
	981	1003	855	797	875	347	816
	978	997	860	795	874	347	815
	981	998	856	797	877	354	816
	974	1002	859	795	876	347	815
	977	999	859	786	878	352	815
	980	1007	860	797	879	352	815
	979	1003	859	797	878	349	816
	973	999	859	797	876	349	817
	982	997	863	797	878	347	816
	981	1000	857	786	880	352	818
	979	1003	864	797	879	349	816
	977	1000	862	797	881	347	815
	976	1000	855	786	876	350	812
	979	1002	860	790	877	348	813
	978	1001	855	797	876	353	811
	977	997	857	797	877	349	814
	978	998	855	797	875	352	818
	Mbits/sec	Mbits/sec	Mbits/sec	Mbits/sec	Mbits/sec	Mbits/sec	Mbits/sec
	972	1004	838	797	884	348	851
	973	1009	841	802	887	344	896
	976	1008	837	800	883	347	847
	973	1007	842	797	885	347	825
	978	1009	835	800	882	349	817
	969	1011	842	807	882	341	895
	982	1009	837	804	884	348	904
	974	1009	837	807	886	349	841
	974	1000	833	797	885	349	894
	972	1006	839	797	884	350	840
	979	1003	839	807	885	351	802
	970	1009	838	797	881	349	810
	969	1005	838	807	883	347	881
	976	1007	832	797	882	351	862
	970	1008	838	797	881	350	892
	974	1012	838	807	884	345	843
	970	1011	837	803	887	349	856
	975	1014	843	797	888	350	876
	977	1009	838	796	883	348	842
	972	1007	837	797	887	346	871
	Mbits/sec	Mbits/sec	Mbits/sec	Mbits/sec	Mbits/sec	Mbits/sec	Mbits/sec
	974	1000	863	807	890	347	822
	974	997	865	799	892	350	825
	968	1000	869	802	891	347	823
	970	996	865	807	891	347	823
	965	1001	866	800	893	346	824
	973	1003	864	797	890	348	818
	960	997	866	801	892	349	821
	968	1001	865	797	894	346	824
	968	1001	868	807	893	342	820
	968	1003	870	807	893	346	820
	968	999	866	797	891	342	824
	965	999	864	807	896	350	823
	973	998	864	797	890	348	824
	966	1004	866	807	893	349	822
	974	1000	867	797	891	343	819
	969	997	868	797	896	349	822
	969	999	865	802	886	348	822
	969	994	866	807	890	347	824
	968	997	862	807	894	347	822
	968	1001	868	807	888	346	817
	Mbits/sec	Mbits/sec	Mbits/sec	Mbits/sec	Mbits/sec	Mbits/sec	Mbits/sec
	985	994	851	786	885	352	818
	979	995	847	787	879	352	817
	980	998	843	790	883	353	818
	985	998	846	786	882	353	818
	985	991	845	789	885	353	817
	980	991	843	786	882	348	818
	989	993	845	783	882	353	815
	984	996	851	786	880	348	817
	979	1002	843	786	883	352	817
	987	990	840	786	881	354	818
	982	994	846	786	885	349	818
	986	995	843	786	880	351	816
	981	999	846	786	882	353	819
	986	992	845	786	883	349	822
	981	994	840	786	883	354	819
	983	995	842	786	877	350	816
	987	993	843	786	883	347	816
	985	995	844	786	882	351	816
	984	995	850	776	880	353	818
	990	994	842	786	885	352	819
	Mbits/sec	Mbits/sec	Mbits/sec	Mbits/sec	Mbits/sec	Mbits/sec	Mbits/sec
	979	1001	828	766	894	350	844
	981	999	832	773	894	347	847
	986	999	837	771	892	347	844
	982	999	831	766	897	351	846
	988	1001	837	774	895	349	847
	985	998	839	776	898	351	849
	981	999	837	775	896	349	849
	987	1001	833	776	893	354	845
	989	995	839	766	893	348	848
	985	1002	840	766	895	347	847
	985	999	835	776	889	349	843
	984	1004	835	766	897	352	846
	985	998	835	776	897	354	843
	986	999	837	766	895	352	842
	981	1003	838	776	897	346	846
	989	1001	839	776	900	349	847
	982	998	838	776	900	354	849
	983	996	834	766	895	353	850
	985	1004	832	776	893	349	846
	986	1001	837	766	893	349	850
	Mbits/sec	Mbits/sec	Mbits/sec	Mbits/sec	Mbits/sec	Mbits/sec	Mbits/sec
	990	1007	843	797	860	351	839
	993	1003	840	798	860	351	836
	989	1003	840	792	857	348	840
	985	1001	840	797	859	346	837
	982	1001	841	794	855	353	835
	989	1009	840	786	857	351	838
	991	1004	834	792	860	350	833
	988	1000	842	797	861	347	835
	988	1009	836	797	858	352	837
	987	1001	836	797	858	352	838
	987	1009	841	786	860	348	838
	991	1000	839	797	854	351	838
	989	1002	843	797	857	354	838
	982	1003	839	797	861	349	840
	989	1002	838	797	860	351	837
	988	1001	836	797	856	351	836
	986	1007	840	799	858	347	838
	985	1013	840	797	859	353	839
	984	1005	841	797	862	349	837
	985	1004	843	797	859	350	833
	Mbits/sec	Mbits/sec	Mbits/sec	Mbits/sec	Mbits/sec	Mbits/sec	Mbits/sec
	978	1000	833	797	847	342	857
	978	1002	835	791	847	346	858
	980	1003	834	791	848	351	857
	979	1003	838	786	844	349	858
	982	1002	833	789	849	346	861
	983	995	830	797	847	345	860
	974	1004	837	789	846	345	861
	977	1004	832	786	847	346	860
	974	999	833	786	848	344	860
	976	1006	838	786	848	345	858
	977	1003	830	797	850	350	859
	978	1001	839	797	851	346	857
	982	1000	833	786	846	342	861
	981	1001	838	797	844	348	857
	977	999	838	786	844	344	857
	974	1002	839	786	849	348	860
	984	999	834	789	843	346	856
	980	997	833	797	845	346	853
	980	995	831	786	849	348	858
	981	1001	830	797	845	346	858
	Mbits/sec	Mbits/sec	Mbits/sec	Mbits/sec	Mbits/sec	Mbits/sec	Mbits/sec
	976	997	852	776	852	350	833
	980	1002	852	782	857	347	829
	974	993	846	789	855	347	831
	978	997	846	786	856	349	833
	977	997	848	789	852	348	829
	974	1001	852	786	856	350	828
	977	999	847	788	852	347	836
	977	1001	851	786	852	350	833
	982	1000	853	786	854	348	832
	981	995	845	797	853	353	834
	980	994	852	786	856	349	833
	980	998	846	786	855	351	832
	976	1003	845	786	858	354	834
	979	1002	846	786	858	350	835
	981	1002	848	786	855	350	833
	980	1000	845	786	855	347	834
	976	999	847	788	859	348	832
	979	1002	844	786	860	353	839
	981	1004	852	797	855	350	830
	979	996	852	786	860	351	831
	Mbits/sec	Mbits/sec	Mbits/sec	Mbits/sec	Mbits/sec	Mbits/sec	Mbits/sec
	971	1001	836	797	859	347	821
	966	995	840	791	857	350	823
	973	1006	841	789	860	350	821
	975	1002	846	797	861	349	818
	977	1004	842	791	859	346	819
	971	999	839	786	860	347	827
	971	1002	843	794	862	347	821
	975	997	842	797	862	348	821
	971	995	836	797	860	349	820
	972	1002	841	786	858	346	816
	974	1001	838	786	859	349	820
	971	1002	845	786	857	350	816
	971	1000	846	786	858	348	821
	973	997	845	786	858	351	823
	973	996	843	797	860	350	822
	975	996	844	797	856	350	821
	973	1004	842	788	858	350	820
	972	999	847	786	858	346	817
	972	1001	839	786	858	347	820
	968	1005	841	786	858	346	823
	Mbits/sec	Mbits/sec	Mbits/sec	Mbits/sec	Mbits/sec	Mbits/sec	Mbits/sec
	1001	915	829	807	871	349	836
	997	919	831	803	876	347	835
	995	914	834	809	872	345	840
	996	913	825	807	874	344	834
	991	915	831	793	871	350	838
	997	917	829	807	872	349	828
	1002	914	826	806	871	352	832
	996	918	826	797	871	350	837
	995	917	832	807	874	349	835
	994	914	828	807	876	346	836
	998	917	832	807	871	350	835
	992	916	825	807	874	350	835
	995	913	828	807	873	348	834
	994	919	827	797	872	348	833
	994	916	830	807	876	345	838
	990	921	829	797	876	347	836
	990	911	833	786	869	350	839
	995	911	829	807	871	347	837
	995	909	833	797	874	349	839
	998	913	827	807	872	349	834
	Mbits/sec	Mbits/sec	Mbits/sec	Mbits/sec	Mbits/sec	Mbits/sec	Mbits/sec
	981	847	857	786	868	342	823
	983	843	851	786	864	345	822
	982	843	851	787	866	344	820
	979	849	853	786	865	345	822
	980	842	853	790	871	347	820
	982	847	854	786	867	339	828
	982	840	854	786	866	343	821
	978	840	858	786	868	343	820
	983	843	857	786	867	343	823
	983	843	860	786	866	347	821
	976	843	853	786	869	342	822
	987	847	856	786	867	341	821
	981	848	850	786	864	348	823
	978	841	857	797	869	339	823
	985	846	852	786	865	346	821
	987	838	855	786	869	347	822
	982	847	851	787	868	342	821
	981	850	854	786	866	347	820
	979	845	856	786	863	343	819
	981	844	858	786	867	346	821
	Mbits/sec	Mbits/sec	Mbits/sec	Mbits/sec	Mbits/sec	Mbits/sec	Mbits/sec
	986	854	813	786	862	344	844
	994	855	815	788	860	345	875
	990	854	815	783	861	343	868
	989	849	815	786	857	343	830
	993	858	813	784	855	338	826
	984	853	814	786	856	345	881
	983	856	816	787	861	343	877
	990	857	811	786	860	343	834
	989	860	810	786	858	343	874
	991	858	814	786	860	342	831
	995	852	813	786	861	342	829
	985	853	816	786	856	346	821
	988	850	816	786	862	340	868
	993	856	810	776	859	342	874
	988	852	815	786	860	342	874
	990	856	812	786	856	339	835
	990	849	815	785	862	342	852
	989	845	812	786	856	344	856
	994	854	806	786	859	341	836
	984	856	812	786	859	339	872
	Mbits/sec	Mbits/sec	Mbits/sec	Mbits/sec	Mbits/sec	Mbits/sec	Mbits/sec
	981	863	850	797	893	342	845
	982	862	847	791	893	344	847
	985	866	847	789	890	343	846
	985	870	850	787	895	343	845
	982	862	847	793	893	343	846
	983	865	847	797	893	343	849
	988	862	849	789	893	343	846
	983	865	848	797	891	343	848
	980	858	848	797	893	345	844
	982	864	844	787	893	347	845
	984	867	847	797	891	349	845
	986	859	843	787	896	343	845
	985	869	845	797	890	349	849
	980	865	850	797	892	345	847
	985	865	847	786	892	348	846
	981	864	847	797	892	350	844
	982	868	847	791	890	344	845
	986	868	847	797	896	349	866
	981	869	855	797	892	347	846
	988	863	849	787	893	344	840
	Mbits/sec	Mbits/sec	Mbits/sec	Mbits/sec	Mbits/sec	Mbits/sec	Mbits/sec
	983	866	833	776	877	337	851
	974	867	834	781	881	335	852
	982	864	835	784	881	340	852
	978	862	837	776	876	339	851
	981	865	834	775	882	340	848
	987	860	838	776	880	334	849
	981	871	831	776	875	338	847
	981	866	832	776	881	338	849
	979	863	837	776	877	337	851
	980	861	838	787	875	331	851
	974	861	837	776	875	335	853
	977	865	840	787	875	340	852
	981	863	838	776	879	336	855
	985	864	834	776	875	338	850
	975	868	836	787	875	335	852
	976	862	834	776	880	336	854
	980	865	835	779	877	337	853
	979	862	834	776	878	340	854
	979	867	831	776	877	337	852
	975	864	836	787	877	338	857
	Mbits/sec	Mbits/sec	Mbits/sec	Mbits/sec	Mbits/sec	Mbits/sec	Mbits/sec
	988	870	853	765	874	342	849
	984	869	855	761	875	342	848
	978	866	856	764	877	340	848
	983	869	848	765	886	340	850
	985	869	855	766	876	340	850
	977	871	854	765	877	345	849
	976	869	857	768	881	340	850
	982	865	856	765	873	345	849
	988	872	855	765	878	342	848
	983	875	851	765	886	348	849
	988	875	856	765	877	342	847
	981	872	854	755	876	342	848
	981	871	852	755	878	344	844
	982	868	855	765	887	342	848
	985	868	850	755	882	343	848
	983	874	858	765	874	344	848
	985	868	855	765	877	343	846
	980	872	855	765	879	344	847
	982	865	857	765	881	343	848
	987	872	852	765	874	341	849
	Mbits/sec	Mbits/sec	Mbits/sec	Mbits/sec	Mbits/sec	Mbits/sec	Mbits/sec
	983	865	849	776	877	347	842
	984	872	851	781	875	347	841
	991	871	847	781	875	347	842
	985	868	854	786	875	346	843
	983	871	851	782	877	344	844
	987	872	851	776	872	342	839
	990	864	850	780	869	343	845
	989	869	851	776	875	344	841
	983	868	847	776	876	342	847
	986	863	855	776	877	346	842
	983	866	849	776	878	340	845
	990	871	849	786	879	350	844
	984	865	850	786	875	346	845
	983	868	846	786	875	346	842
	989	870	850	786	870	345	842
	990	868	846	776	876	342	842
	988	871	848	785	878	347	845
	987	868	852	776	868	345	844
	987	872	846	776	874	344	843
	988	865	854	776	873	348	841
	Mbits/sec	Mbits/sec	Mbits/sec	Mbits/sec	Mbits/sec	Mbits/sec	Mbits/sec
	993	881	841	786	864	342	838
	995	876	834	786	864	342	837
	986	883	835	784	863	342	838
	994	881	835	786	862	344	837
	989	878	831	787	863	348	837
	994	880	834	786	868	348	839
	994	883	836	785	868	347	837
	991	884	833	786	866	346	840
	994	879	840	786	863	349	836
	989	882	830	786	863	346	838
	993	877	836	786	860	349	838
	987	877	832	786	865	346	838
	991	880	839	786	866	343	840
	992	880	837	786	865	345	839
	989	880	835	786	865	342	838
	987	883	834	786	866	350	840
	991	877	836	782	864	343	836
	994	884	830	786	871	349	835
	991	878	839	786	866	346	837
	986	880	829	786	870	346	838
	Mbits/sec	Mbits/sec	Mbits/sec	Mbits/sec	Mbits/sec	Mbits/sec	Mbits/sec
	986	875	856	776	888	334	831
	986	874	841	772	893	334	835
	994	871	861	768	890	335	832
	987	875	868	765	893	335	834
	994	877	840	768	887	331	833
	992	874	841	765	890	329	839
	992	872	865	771	891	334	836
	990	872	854	776	892	335	830
	987	875	843	765	890	333	831
	992	878	894	765	890	332	831
	989	879	880	765	891	336	830
	994	875	861	765	889	334	832
	992	873	875	765	888	337	830
	989	871	866	765	886	334	832
	990	873	887	765	891	337	833
	996	873	877	776	889	330	830
	991	875	843	773	888	335	835
	987	870	890	765	883	334	829
	990	872	853	776	885	332	835
	996	873	860	765	891	334	837
	Mbits/sec	Mbits/sec	Mbits/sec	Mbits/sec	Mbits/sec	Mbits/sec	Mbits/sec
	945	856	837	765	875	347	843
	917	861	840	768	871	345	837
	903	857	839	770	874	344	838
	920	856	839	765	875	347	839
	923	858	839	771	874	350	840
	922	858	841	776	873	345	839
	964	858	831	770	874	344	835
	893	861	834	765	873	346	840
	927	856	838	776	878	342	843
	897	857	839	776	878	345	841
	913	853	839	776	876	345	841
	909	860	841	776	875	350	839
	922	863	834	776	874	350	842
	905	863	839	765	877	347	842
	937	858	839	776	876	342	839
	940	859	844	765	873	350	839
	940	859	837	769	877	345	836
	893	856	840	776	879	345	842
	898	859	843	765	876	347	839
	946	860	839	776	874	346	834
	Mbits/sec	Mbits/sec	Mbits/sec	Mbits/sec	Mbits/sec	Mbits/sec	Mbits/sec
	872	868	838	765	877	346	839
	879	866	841	766	877	344	842
	873	867	840	765	876	343	837
	876	868	839	765	875	343	839
	879	863	839	762	873	344	837
	881	866	836	765	877	345	839
	881	869	845	757	871	347	840
	875	862	844	765	873	344	839
	870	872	838	765	873	348	834
	875	863	839	755	873	345	839
	881	867	839	765	876	342	838
	878	864	838	755	871	344	838
	872	860	838	765	877	344	837
	870	865	839	765	875	342	838
	880	865	846	765	876	348	839
	879	860	835	765	877	345	841
	875	864	843	763	873	345	840
	877	865	839	765	877	349	837
	875	869	834	765	876	347	839
	872	865	845	755	876	343	840
	Mbits/sec	Mbits/sec	Mbits/sec	Mbits/sec	Mbits/sec	Mbits/sec	Mbits/sec
	865	849	852	776	883	342	835
	871	846	850	783	884	348	834
	869	849	848	779	888	349	839
	868	849	850	786	881	347	834
	862	850	847	784	886	344	838
	860	846	847	776	882	347	828
	870	844	852	789	888	342	837
	868	852	849	786	887	346	839
	870	848	846	786	887	341	838
	868	850	850	786	885	347	837
	870	852	850	776	885	350	835
	863	853	847	786	886	348	836
	869	856	847	776	884	350	836
	869	850	849	786	887	345	834
	870	850	847	776	881	342	835
	868	855	852	786	885	342	834
	864	853	846	781	887	346	836
	869	858	844	776	878	344	837
	866	851	850	786	881	345	835
	870	849	847	786	884	345	835
	Mbits/sec	Mbits/sec	Mbits/sec	Mbits/sec	Mbits/sec	Mbits/sec	Mbits/sec
	859	854	852	797	877	349	838
	859	857	855	787	881	342	838
	864	860	851	788	879	342	839
	857	856	849	786	881	345	839
	864	856	854	788	878	346	840
	860	859	860	797	878	342	839
	860	855	850	789	878	345	840
	858	850	857	786	880	344	836
	860	857	857	786	881	347	838
	858	855	849	797	877	344	836
	860	854	849	797	875	340	840
	863	855	856	797	878	344	839
	862	848	855	797	879	342	838
	862	858	848	786	879	346	839
	855	856	852	786	881	349	839
	860	850	852	786	878	348	840
	858	854	858	787	879	344	840
	856	855	861	797	883	347	838
	860	853	855	786	882	346	838
	863	858	847	786	878	346	840
	Mbits/sec	Mbits/sec	Mbits/sec	Mbits/sec	Mbits/sec	Mbits/sec	Mbits/sec
	847	845	850	787	883	347	840
	848	840	848	787	879	352	840
	841	837	856	791	875	350	837
	853	837	860	787	881	348	838
	843	843	853	784	879	351	837
	849	837	851	787	880	348	839
	839	848	854	786	880	352	836
	849	849	846	787	875	352	840
	849	844	852	787	881	351	838
	849	845	850	787	879	353	839
	839	843	850	787	879	350	839
	847	843	850	787	881	353	837
	848	849	854	787	878	352	839
	847	842	860	787	877	349	839
	849	841	852	787	881	350	838
	843	841	855	787	881	346	835
	855	841	849	789	875	348	836
	851	835	851	787	881	354	838
	849	841	850	786	878	347	839
	846	840	859	787	874	351	836
	Mbits/sec	Mbits/sec	Mbits/sec	Mbits/sec	Mbits/sec	Mbits/sec	Mbits/sec
	863	866	855	797	880	347	830
	852	876	854	782	882	347	829
	863	871	847	791	883	347	833
	854	871	849	786	880	348	830
	862	872	850	767	890	348	830
	860	874	851	797	885	351	839
	860	868	846	770	882	347	832
	856	869	853	765	882	345	833
	849	865	853	797	882	347	835
	858	871	849	797	884	350	831
	860	870	860	765	885	349	829
	854	867	856	776	883	355	831
	859	870	853	776	882	352	828
	854	870	849	776	885	350	828
	862	873	853	797	881	350	830
	860	878	852	765	883	352	832
	852	873	854	745	886	352	832
	858	879	851	786	882	349	833
	859	870	854	755	885	353	832
	855	873	848	797	886	352	830
	Mbits/sec	Mbits/sec	Mbits/sec	Mbits/sec	Mbits/sec	Mbits/sec	Mbits/sec
	857	859	870	807	866	345	823
	863	854	873	821	865	344	826
	857	861	879	832	868	344	825
	857	863	870	839	868	345	826
	856	858	874	777	863	343	824
	860	860	874	818	865	344	818
	860	858	882	831	866	345	826
	861	860	875	786	872	346	824
	860	860	869	818	869	344	822
	857	857	881	818	868	344	824
	860	861	870	797	865	349	825
	862	861	873	839	864	345	826
	854	852	872	849	868	345	825
	857	856	870	818	868	343	826
	859	856	874	828	865	340	829
	857	852	873	786	864	344	826
	863	859	872	671	867	339	828
	856	854	879	839	864	348	826
	857	858	877	713	867	343	825
	855	854	870	828	865	339	829
	Mbits/sec	Mbits/sec	Mbits/sec	Mbits/sec	Mbits/sec	Mbits/sec	Mbits/sec
	866	867	870	787	875	349	836
	862	868	865	783	872	347	835
	863	866	865	776	872	352	832
	861	868	870	787	868	351	834
	864	863	866	785	875	352	837
	860	869	861	787	870	345	839
	860	871	862	778	875	348	830
	860	867	864	787	866	347	834
	860	868	866	787	869	348	838
	861	868	860	787	871	347	836
	860	869	860	787	872	349	837
	862	868	866	787	874	349	833
	868	873	861	787	871	347	839
	865	866	870	787	870	352	834
	855	872	865	787	876	352	834
	861	874	864	787	875	347	837
	859	865	866	785	871	353	831
	864	867	862	787	873	350	830
	861	866	858	786	871	348	834
	868	870	869	787	870	348	833
	Mbits/sec	Mbits/sec	Mbits/sec	Mbits/sec	Mbits/sec	Mbits/sec	Mbits/sec
	843	871	855	797	871	339	841
	846	869	851	797	876	345	839
	850	872	853	802	875	342	843
	852	868	849	797	875	343	842
	850	872	855	800	870	342	840
	849	866	855	797	872	338	839
	860	862	854	805	872	342	845
	852	867	852	797	877	343	841
	860	866	855	797	876	346	842
	853	868	860	797	872	341	840
	849	868	860	797	875	341	842
	844	866	854	797	875	347	841
	845	865	857	797	876	346	839
	853	868	849	797	875	343	844
	854	866	854	797	870	341	839
	850	861	852	797	872	346	838
	852	870	854	793	870	338	845
	850	872	850	797	877	341	842
	849	869	856	797	871	341	842
	850	870	857	797	874	345	846
	Mbits/sec	Mbits/sec	Mbits/sec	Mbits/sec	Mbits/sec	Mbits/sec	Mbits/sec
	879	867	845	797	873	347	858
	887	867	848	794	871	347	860
	882	865	846	799	873	347	858
	883	862	849	786	874	347	857
	875	861	844	794	877	349	859
	881	865	850	797	879	352	860
	870	869	845	794	875	349	857
	880	862	852	797	871	348	854
	881	868	847	797	873	344	853
	878	869	839	797	875	350	856
	881	862	849	797	876	350	853
	887	864	839	786	872	351	857
	884	867	851	797	870	349	858
	875	871	848	797	871	343	855
	879	867	840	797	875	346	856
	881	871	845	797	875	347	857
	880	866	846	797	874	352	856
	877	866	850	786	868	350	860
	881	870	849	796	873	350	855
	881	866	847	797	875	350	854
	Mbits/sec	Mbits/sec	Mbits/sec	Mbits/sec	Mbits/sec	Mbits/sec	Mbits/sec
	854	862	871	776	870	348	840
	851	859	874	785	869	344	842
	850	860	873	782	867	342	843
	852	862	870	787	868	343	841
	854	864	872	784	867	343	842
	849	865	870	787	865	347	839
	860	861	868	778	868	347	838
	848	866	866	776	870	347	844
	849	863	866	787	867	347	844
	851	862	870	787	867	341	843
	849	862	870	776	868	344	843
	847	865	874	787	867	345	842
	847	864	866	787	870	346	842
	855	863	870	776	869	346	841
	849	863	878	776	865	344	842
	852	860	872	787	866	347	845
	853	862	870	784	868	342	839
	850	861	869	787	865	346	840
	850	865	868	776	867	344	841
	844	861	868	776	872	347	844
	Mbits/sec	Mbits/sec	Mbits/sec	Mbits/sec	Mbits/sec	Mbits/sec	Mbits/sec
	856	855	861	797	877	344	868
	852	859	861	790	874	345	865
	855	852	858	787	874	349	864
	854	859	860	786	875	350	867
	853	854	863	789	878	349	866
	860	850	859	786	877	345	870
	849	856	862	795	873	341	869
	859	856	865	797	878	348	865
	849	857	869	786	878	344	864
	859	852	871	786	877	350	866
	860	855	860	786	873	350	866
	854	857	865	797	879	353	868
	855	851	864	786	876	349	867
	855	851	860	786	875	347	868
	855	852	862	797	877	351	868
	859	854	863	786	875	345	865
	851	852	862	788	875	350	867
	860	850	863	786	878	349	867
	859	848	862	786	879	349	869
	857	855	859	797	874	344	865
	Mbits/sec	Mbits/sec	Mbits/sec	Mbits/sec	Mbits/sec	Mbits/sec	Mbits/sec
	862	836	846	797	874	343	854
	863	836	845	798	876	345	856
	866	842	849	802	874	342	854
	866	837	849	807	874	340	854
	871	840	845	804	874	344	852
	859	840	846	797	875	342	849
	859	837	853	804	875	346	855
	864	832	843	797	874	345	855
	870	835	845	807	874	347	857
	862	836	839	797	875	344	853
	870	835	849	807	879	341	857
	871	833	845	797	874	345	855
	870	843	846	797	875	345	853
	866	838	849	807	878	341	853
	864	834	847	797	876	344	855
	861	835	850	807	876	344	853
	867	839	847	799	879	340	855
	863	835	845	807	878	347	859
	861	839	846	807	873	344	854
	865	834	849	797	873	342	853
	Mbits/sec	Mbits/sec	Mbits/sec	Mbits/sec	Mbits/sec	Mbits/sec	Mbits/sec
	866	854	837	797	868	347	861
	862	858	835	791	875	345	858
	865	855	837	791	876	347	862
	862	852	839	786	875	349	862
	861	857	835	789	868	344	862
	871	854	840	797	871	346	860
	871	858	829	791	873	351	862
	861	856	842	797	872	344	860
	860	860	837	786	873	344	858
	866	856	839	797	872	347	860
	860	854	839	786	870	350	859
	864	858	836	786	874	347	859
	861	851	838	797	873	351	858
	860	854	839	786	869	348	862
	868	856	831	797	870	348	862
	865	856	836	786	874	348	862
	866	852	834	797	872	350	861
	864	856	832	786	869	344	857
	863	855	838	796	875	348	859
	866	856	836	797	874	353	858
	Mbits/sec	Mbits/sec	Mbits/sec	Mbits/sec	Mbits/sec	Mbits/sec	Mbits/sec
	851	859	851	797	874	345	853
	855	850	853	807	871	347	857
	847	854	848	799	870	348	857
	846	855	850	807	868	344	853
	851	853	855	803	872	347	852
	849	858	849	797	874	345	860
	849	857	857	801	875	344	853
	848	860	851	797	867	350	854
	849	852	847	807	869	344	857
	846	856	850	807	872	348	857
	849	862	850	807	871	340	854
	847	855	851	807	868	351	855
	847	858	848	807	871	348	859
	850	855	850	807	876	347	856
	850	858	848	797	871	344	851
	851	863	850	807	867	344	854
	852	857	853	803	870	345	854
	851	859	858	807	874	351	857
	851	859	852	797	874	345	856
	849	859	849	797	873	343	857
	Mbits/sec	Mbits/sec	Mbits/sec	Mbits/sec	Mbits/sec	Mbits/sec	Mbits/sec
	862	857	861	776	883	342	850
	859	859	864	776	881	338	847
	867	857	866	782	882	337	846
	867	862	860	776	882	339	847
	860	857	859	776	881	340	849
	860	855	863	776	880	343	849
	870	853	859	775	881	340	851
	865	856	859	776	888	337	851
	870	862	864	776	883	344	848
	865	858	870	765	882	336	849
	860	861	860	776	879	340	847
	861	859	860	776	885	339	847
	866	860	864	765	880	345	847
	861	857	860	776	880	340	848
	864	859	869	776	886	338	849
	861	855	856	765	886	341	851
	860	858	860	775	882	340	852
	865	859	863	776	881	339	849
	864	854	861	776	876	341	850
	866	858	869	776	880	338	851
	Mbits/sec	Mbits/sec	Mbits/sec	Mbits/sec	Mbits/sec	Mbits/sec	Mbits/sec
	884	849	865	787	876	347	861
	878	855	861	785	875	349	860
	874	855	858	782	877	351	861
	879	849	860	787	881	350	863
	882	855	863	786	880	350	863
	881	855	860	787	877	345	860
	870	852	865	783	879	351	856
	878	857	862	787	876	351	863
	870	847	861	787	877	347	862
	877	851	860	787	878	349	860
	881	846	860	787	880	348	865
	879	847	862	787	874	349	863
	880	850	864	787	880	351	862
	881	856	860	787	878	346	863
	878	853	863	787	876	350	864
	880	853	866	787	875	352	862
	874	855	865	785	879	350	862
	874	855	861	787	878	350	862
	879	854	860	786	880	352	863
	870	852	859	787	880	350	863
	Mbits/sec	Mbits/sec	Mbits/sec	Mbits/sec	Mbits/sec	Mbits/sec	Mbits/sec
	864	856	844	797	888	347	834
	870	857	845	792	892	349	839
	873	857	850	796	889	345	837
	872	855	849	787	887	345	835
	870	855	848	796	883	341	834
	870	852	848	797	888	349	828
	870	858	847	791	885	348	839
	873	849	851	797	889	347	832
	870	854	847	787	890	344	832
	875	856	849	797	888	348	834
	870	861	849	787	891	351	834
	871	857	847	787	888	352	835
	868	856	845	797	886	346	832
	869	852	849	787	886	348	831
	866	854	844	797	886	347	834
	868	855	843	797	889	345	832
	874	858	849	789	887	343	835
	875	849	843	787	893	346	830
	872	854	847	797	891	342	832
	875	854	849	797	891	347	831
	Mbits/sec	Mbits/sec	Mbits/sec	Mbits/sec	Mbits/sec	Mbits/sec	Mbits/sec
	869	865	849	797	839	347	866
	869	861	849	804	835	348	861
	867	857	848	797	837	349	863
	868	863	849	807	837	352	866
	864	857	846	797	840	350	865
	870	862	849	797	839	346	870
	870	860	848	801	839	345	861
	868	864	843	797	835	345	865
	870	866	853	797	837	351	867
	865	862	849	797	837	348	866
	870	860	849	807	836	350	864
	872	862	852	807	837	346	865
	869	857	854	797	837	351	866
	873	866	849	807	840	350	866
	868	860	846	797	839	349	863
	871	859	850	797	840	347	865
	870	861	849	800	838	349	861
	865	861	851	807	830	348	867
	865	862	847	796	832	348	865
	864	863	847	797	834	349	868
	Mbits/sec	Mbits/sec	Mbits/sec	Mbits/sec	Mbits/sec	Mbits/sec	Mbits/sec
	865	865	846	786	862	346	858
	871	863	851	781	865	347	859
	863	871	848	788	865	347	857
	866	868	849	776	862	347	859
	867	867	847	782	868	348	859
	860	870	847	786	864	344	860
	870	867	848	786	860	352	862
	868	866	854	786	862	348	861
	870	864	841	786	863	349	858
	870	865	839	786	862	347	858
	870	863	849	776	861	350	860
	861	867	847	786	865	351	859
	867	873	843	786	866	346	862
	862	864	849	776	864	344	861
	867	867	854	786	865	343	860
	868	866	853	786	863	352	857
	868	864	845	783	866	349	862
	866	864	849	776	868	346	863
	867	864	854	786	867	350	859
	874	863	849	786	866	348	855
	Mbits/sec	Mbits/sec	Mbits/sec	Mbits/sec	Mbits/sec	Mbits/sec	Mbits/sec
	861	862	847	787	877	353	860
	857	861	843	786	876	347	860
	860	860	847	787	878	348	861
	851	856	839	797	881	351	859
	863	864	848	787	876	351	859
	860	859	848	787	878	350	860
	849	864	843	784	881	348	857
	852	860	843	787	880	352	860
	849	858	848	787	878	348	861
	855	865	850	787	878	350	861
	849	861	839	787	878	345	860
	855	859	843	776	880	350	860
	853	858	847	787	877	349	856
	855	858	850	787	876	352	857
	863	861	839	787	876	349	860
	858	867	839	787	878	346	863
	851	862	842	785	878	350	859
	858	868	839	787	873	352	853
	856	867	845	787	877	347	859
	854	864	838	787	876	349	859
	Mbits/sec	Mbits/sec	Mbits/sec	Mbits/sec	Mbits/sec	Mbits/sec	Mbits/sec
	858	872	854	786	883	348	852
	852	877	857	793	881	353	851
	855	871	857	782	877	353	849
	857	879	860	786	876	349	852
	846	877	855	794	882	349	852
	860	872	855	786	878	351	849
	860	870	860	792	876	350	856
	854	872	856	786	879	350	849
	860	873	857	786	879	350	847
	856	872	860	786	881	350	849
	860	871	860	797	880	352	850
	855	875	858	797	877	352	853
	853	873	853	786	877	356	852
	860	879	849	797	880	349	854
	850	874	859	786	881	350	853
	855	870	863	786	877	352	851
	856	876	860	795	879	352	853
	856	874	857	797	884	352	856
	854	875	852	786	877	353	854
	857	871	859	786	878	354	856
	Mbits/sec	Mbits/sec	Mbits/sec	Mbits/sec	Mbits/sec	Mbits/sec	Mbits/sec
	852	873	839	807	882	347	859
	859	871	836	802	886	349	860
	851	875	831	804	887	349	862
	859	869	839	807	888	348	859
	864	871	836	803	882	348	860
	849	873	835	807	888	350	860
	860	876	830	806	888	351	860
	860	880	837	807	885	348	860
	860	878	838	807	885	349	863
	854	873	828	807	881	348	862
	849	880	839	807	887	349	859
	863	872	837	807	884	353	858
	858	878	839	807	885	347	864
	856	873	839	807	882	351	859
	860	875	841	807	886	350	856
	852	871	835	807	886	350	860
	859	872	837	806	878	352	856
	858	872	841	797	885	347	861
	857	870	838	807	886	349	857
	858	874	839	807	886	349	856
	Mbits/sec	Mbits/sec	Mbits/sec	Mbits/sec	Mbits/sec	Mbits/sec	Mbits/sec
	860	881	855	786	890	348	861
	854	883	859	788	887	347	863
	865	881	856	791	887	344	858
	860	883	850	786	887	344	859
	854	881	859	782	888	345	860
	860	881	858	786	886	345	860
	849	880	859	780	886	345	856
	855	881	855	786	887	343	861
	860	877	855	786	887	346	857
	859	880	860	786	888	349	858
	860	878	849	776	890	352	860
	853	883	853	776	892	349	860
	860	880	854	786	889	348	856
	861	879	860	776	891	347	859
	858	879	853	786	886	347	859
	865	881	857	786	887	345	859
	858	881	858	780	890	344	864
	858	882	855	786	882	344	856
	862	883	859	786	886	348	860
	858	883	859	786	889	345	856
	Mbits/sec	Mbits/sec	Mbits/sec	Mbits/sec	Mbits/sec	Mbits/sec	Mbits/sec
	850	841	856	797	873	344	861
	851	841	855	798	875	342	861
	849	837	858	793	875	344	864
	849	837	860	797	875	347	862
	850	838	858	802	871	345	860
	849	838	858	797	876	349	860
	860	839	854	805	875	344	863
	856	837	857	797	876	349	863
	849	841	861	797	878	345	863
	854	843	860	797	878	342	862
	860	838	860	807	873	341	860
	858	837	862	797	876	344	861
	856	834	857	797	875	347	865
	847	838	849	807	871	346	864
	848	841	852	797	876	346	862
	844	840	852	797	874	344	864
	852	838	854	801	877	351	860
	851	838	861	797	878	346	866
	848	840	859	797	875	348	862
	850	838	849	797	876	345	866
	Mbits/sec	Mbits/sec	Mbits/sec	Mbits/sec	Mbits/sec	Mbits/sec	Mbits/sec
	863	840	863	797	865	345	839
	862	838	858	794	860	342	836
	853	844	858	801	865	343	838
	859	850	860	797	862	343	839
	856	849	855	793	867	345	840
	860	846	853	797	862	338	839
	849	847	859	795	862	343	843
	855	840	860	797	864	341	838
	849	845	855	797	861	343	840
	853	844	860	797	859	348	839
	849	843	860	787	859	342	840
	854	841	857	808	859	345	839
	852	849	853	797	862	345	838
	859	849	860	787	865	341	836
	854	841	859	797	860	343	839
	864	848	861	797	861	345	838
	861	846	859	800	863	339	836
	857	844	853	797	866	345	838
	856	842	850	797	864	341	839
	852	842	859	797	861	343	838
	Mbits/sec	Mbits/sec	Mbits/sec	Mbits/sec	Mbits/sec	Mbits/sec	Mbits/sec
	855	866	856	786	853	344	864
	859	866	860	784	860	348	868
	864	861	863	785	851	350	867
	857	857	860	776	855	345	867
	868	861	861	788	849	349	866
	860	861	861	786	856	346	870
	870	856	864	780	861	346	862
	860	865	860	786	855	349	866
	870	864	861	786	853	347	865
	862	862	860	786	855	345	865
	860	868	860	786	860	349	867
	862	866	862	776	858	350	867
	863	858	864	786	852	349	867
	862	858	859	786	853	350	868
	864	863	856	776	855	348	867
	854	857	859	786	858	344	865
	857	857	861	785	856	353	869
	859	857	865	786	852	346	863
	865	863	864	786	852	350	866
	867	864	860	786	853	349	864
	Mbits/sec	Mbits/sec	Mbits/sec	Mbits/sec	Mbits/sec	Mbits/sec	Mbits/sec
	876	878	871	797	861	347	856
	868	867	864	801	861	345	854
	866	871	866	796	864	346	852
	872	889	870	807	862	348	852
	870	888	867	796	865	343	853
	870	883	867	797	863	349	849
	860	876	864	806	862	348	855
	869	902	866	797	859	344	852
	860	894	867	797	863	342	853
	870	860	860	797	863	346	856
	870	904	860	807	861	342	854
	865	881	864	807	862	345	854
	869	873	867	797	866	345	854
	868	867	870	807	863	344	854
	872	876	866	807	865	344	855
	875	878	867	797	864	347	856
	873	870	868	798	862	344	856
	870	894	868	807	862	346	854
	869	871	867	797	864	342	855
	867	877	870	797	865	348	855
	Mbits/sec	Mbits/sec	Mbits/sec	Mbits/sec	Mbits/sec	Mbits/sec	Mbits/sec
	866	858	848	797	865	337	846
	876	860	850	801	864	337	847
	876	857	847	808	863	334	848
	870	857	839	797	862	333	850
	864	860	845	803	864	336	850
	870	857	847	797	860	334	849
	881	853	843	797	861	338	845
	874	857	849	797	864	334	850
	881	862	846	807	865	335	845
	872	857	850	797	863	335	845
	870	859	850	797	862	340	848
	871	860	844	797	862	340	846
	876	862	847	807	863	339	849
	871	864	850	797	863	337	850
	868	857	851	797	865	336	846
	872	856	848	797	863	335	845
	867	862	845	802	859	337	844
	870	860	841	797	860	333	846
	868	859	843	797	864	337	845
	874	854	849	797	863	334	849
	Mbits/sec	Mbits/sec	Mbits/sec	Mbits/sec	Mbits/sec	Mbits/sec	Mbits/sec
